,n_PCA,kluster,silhout
0,3,2,0.5435557120722442
1,4,2,0.46051667716478534
